,MY-상하위 5% 제거,,MY-상하위 1% 제거,,FF-Official,,,,
date,SMB-1Q,HML-1Q,SMB-100Q,HML-100Q,SMB-FF,HML-FF,,"상관계수 btw 1Q, FF",
1987-06-30,-0.698322263,0.407376041,-0.679222654,0.3798674,-2.12,1.04,,SMB,-0.278278613
1987-07-31,-0.287306901,0.271592396,-0.307054877,0.291003452,-0.66,0.73,,HML,-0.710028655
1987-08-31,-0.715743604,0.057583263,-0.610663767,0.026664596,-0.77,-0.95,,,
1987-09-30,0.063958118,0.258051624,0.066219887,0.2605222,0.56,0.3,,"1-lag 상관계수 btw 1Q, FF",
1987-10-31,0.29563047,-2.517359713,0.258281948,-2.422364247,-8.4,4.23,,SMB,0.069391793
1987-11-30,0.457609256,-0.757742622,0.558150424,-0.721389019,2.75,2.96,,HML,-0.198348696
1987-12-31,-1.73523399,1.954076261,-1.582515563,1.847062578,0.12,-4.39,,,
1988-01-31,0.239778343,-1.371056711,0.186272376,-1.390352637,-0.76,4.95,,,
1988-02-29,-0.919106932,0.4439884,-0.864173873,0.510170253,3.34,-1.69,,"상관계수 btw 100Q, FF",
1988-03-31,0.379952985,0.68938031,0.29174306,0.812825751,6.14,0.74,,SMB,-0.298781179
1988-04-30,-0.087657994,-0.026958709,-0.034100782,-0.04124745,0.98,1.63,,HML,-0.694912524
1988-05-31,0.053778445,-0.486128898,0.082528201,-0.460288641,-2.61,2.42,,"1-lag 상관계수 btw 100Q, FF",
1988-06-30,-1.349918852,1.336068966,-1.23513998,1.222869123,2.1,-1.22,,SMB,-0.114550624
1988-07-31,0.321844128,-0.531537934,0.287593291,-0.499664228,-0.26,2.17,,HML,-0.200367304
1988-08-31,0.097028473,-0.623192448,0.182709949,-0.5509142,0.04,2.1,,,
1988-09-30,-0.398647313,0.285201728,-0.441135998,0.269702891,-1.3,-0.75,,,
1988-10-31,-0.317774617,-0.441311396,-0.240371463,-0.296663666,-2.92,1.69,,,
1988-11-30,-0.261231134,-0.063819832,-0.15739107,-0.08551644,-1.71,1.3,,,
1988-12-31,-0.263579666,0.653865657,-0.292857399,0.698767752,1.97,-1.61,,,
1989-01-31,-0.240945504,0.01902095,-0.220374088,0.034795433,-2.22,0.62,,,
1989-02-28,0.04651059,-0.154441292,0.022527104,-0.111412518,2.82,0.93,,,
1989-03-31,-0.152549591,0.032703305,-0.220897418,0.055291051,0.67,0.54,,,
1989-04-30,-0.579683313,0.438628738,-0.561891755,0.436418852,-0.68,-1.4,,,
1989-05-31,-0.70653228,0.159265136,-0.697984581,0.184772445,-0.05,-0.87,,,
1989-06-30,-0.214254393,0.045213612,-0.146719876,0.052213775,-1.02,2.23,,,
1989-07-31,-0.926732611,0.486520397,-0.842784807,0.413260718,-4.16,-2.79,,,
1989-08-31,-0.257973187,0.100236682,-0.241049194,0.028390449,0.56,0.6,,,
1989-09-30,0.080526889,0.732878557,0.112040874,0.578372763,0.32,-1.27,,,
1989-10-31,0.324758711,0.2894034,0.36013939,0.157929088,-3.24,-1.11,,,
1989-11-30,-0.361457462,0.748984343,-0.23372989,0.613089673,-1.24,-1.09,,,
1989-12-31,-0.286111414,0.811708819,-0.232510459,0.702371465,-2.37,0.16,,,
1990-01-31,0.907960308,-0.456235758,0.936938928,-0.437367757,-1.25,0.85,,,
1990-02-28,-0.248782162,0.325992391,-0.217034842,0.28780733,0.97,0.64,,,
1990-03-31,-0.335535067,1.175718347,-0.341040879,1.14393066,1.46,-2.92,,,
1990-04-30,0.457673675,0.530267167,0.388590851,0.513008029,-0.45,-2.59,,,
1990-05-31,-1.010150211,1.562291354,-0.923182188,1.382231897,-2.56,-3.83,,,
1990-06-30,-0.250105077,1.692295801,-0.188390624,1.625988357,1.36,-1.93,,,
1990-07-31,0.228914803,0.302390385,0.252587095,0.148532129,-3.09,-0.04,,,
1990-08-31,1.13590344,-1.107017659,1.199733552,-1.0663802,-3.56,1.6,,,
1990-09-30,0.814527321,0.176621142,0.816134834,0.19502321,-3.67,0.61,,,
1990-10-31,0.329288584,0.668063982,0.392180275,0.613292617,-5.53,0,,,
1990-11-30,-1.34467628,1.07083278,-1.2311857,0.916288468,0.45,-2.97,,,
1990-12-31,-0.748456076,1.046717916,-0.714744154,0.97207734,0.82,-1.63,,,
1991-01-31,-1.039662893,0.647766728,-1.013364627,0.611555312,3.83,-1.57,,,
1991-02-28,-1.525071977,0.456495009,-1.536435666,0.614494564,3.99,-0.63,,,
1991-03-31,-0.593368625,0.830391412,-0.627597551,0.857497459,3.9,-1.3,,,
1991-04-30,0.07571862,-0.483446382,0.044342194,-0.541854894,0.48,1.45,,,
1991-05-31,-0.547676608,0.069656198,-0.582206124,0.055731714,-0.4,-0.49,,,
1991-06-30,0.18522735,0.337788918,0.207951064,0.173537907,0.15,1.07,,,
1991-07-31,-0.597888358,1.025583924,-0.622668646,0.846265057,-0.91,-1.32,,,
1991-08-31,-0.408680843,0.303959237,-0.368219224,0.207025987,1.59,-0.78,,,
1991-09-30,-0.074760573,0.7407709,-0.0740823,0.706571221,1.64,-1.07,,,
1991-10-31,-0.443965146,0.893859945,-0.377337778,0.64399173,0.81,-0.46,,,
1991-11-30,0.572753427,-0.206318606,0.556486241,-0.260403808,-0.5,-1.88,,,
1991-12-31,-1.490492427,2.060967163,-1.47660515,1.91704667,-2.24,-4.18,,,
1992-01-31,-0.36732437,-0.189214234,-0.592048989,0.01526505,8.46,4.7,,,
1992-02-29,-0.205946312,-0.865796348,-0.241857752,-0.743494823,0.87,6.47,,,
1992-03-31,0.202184931,-0.96804807,0.116255245,-0.857393669,-1.04,3.55,,,
1992-04-30,0.165044912,-1.630190167,0.181241218,-1.450348703,-6.06,4.32,,,
1992-05-31,-0.131500202,-0.322964843,-0.101967129,-0.42686383,0.41,1.19,,,
1992-06-30,0.420521356,-0.182073889,0.390958258,-0.190799501,-3.07,3.25,,,
1992-07-31,-0.768104372,0.376966006,-0.705365889,0.356429864,-0.51,-0.55,,,
1992-08-31,0.254921564,-0.199890084,0.290669741,-0.187107359,-0.14,-1.08,,,
1992-09-30,-0.380242226,0.67042793,-0.3711979,0.563648566,0.49,-0.23,,,
1992-10-31,-0.419672642,0.782395966,-0.393062931,0.732746009,2.1,-1.98,,,
1992-11-30,-0.971684205,1.331666562,-0.97705037,1.298354987,3.79,-1.42,,,
1992-12-31,-0.3566158,-0.177794345,-0.421106052,-0.172023242,1.67,2.65,,,
1993-01-31,-0.389950201,-0.877559342,-0.458763798,-0.84321514,1.85,5.95,,,
1993-02-28,0.008213873,-1.982803495,0.072892438,-1.91777964,-3.49,6.44,,,
1993-03-31,-0.554402703,-0.322793332,-0.56171181,-0.286338322,0.23,1.19,,,
1993-04-30,0.437762129,-0.63461891,0.418403544,-0.620564515,-0.68,2.48,,,
1993-05-31,-0.413546619,1.146348886,-0.37891677,1.049472937,2.08,-3.5,,,
1993-06-30,-0.213226022,0.549266025,-0.209596329,0.419735392,-0.26,2.72,,,
1993-07-31,-0.159531279,-0.734485899,-0.208279406,-0.712029403,0.9,2.82,,,
1993-08-31,-0.727207493,0.569638825,-0.68511421,0.452267301,0.14,0.14,,,
1993-09-30,-0.453148699,0.803175989,-0.493444364,0.68576967,2.98,-0.35,,,
1993-10-31,-0.357857577,0.82074663,-0.401937006,0.851415878,2.03,-2.78,,,
1993-11-30,0.428793063,-0.247078195,0.458493013,-0.166036846,-1.13,-0.66,,,
1993-12-31,-0.579348139,0.750726124,-0.53393302,0.81476306,1.2,0.27,,,
1994-01-31,-0.432529521,0.00952164,-0.435964028,0.07434322,0.51,1.28,,,
1994-02-28,0.156600459,-0.234022415,0.1893323,-0.165434352,2.8,-1.56,,,
1994-03-31,0.741252699,-0.62892001,0.765898161,-0.626743057,-1.14,1.55,,,
1994-04-30,-0.09577791,-0.860466789,-0.068626897,-0.812089505,-0.92,1.66,,,
1994-05-31,0.020700834,-0.688365052,0.065321681,-0.681315619,-2.12,0.7,,,
1994-06-30,0.094787204,-0.871806169,0.149608135,-0.797771586,-0.4,1.67,,,
1994-07-31,-0.28775716,-0.084557429,-0.267885039,-0.131681439,-1.76,0.57,,,
1994-08-31,-0.744448836,1.034543784,-0.703217172,0.942483774,1.43,-2.5,,,
1994-09-30,0.080661245,0.845971011,0.034530071,0.82177788,3.11,-1.84,,,
1994-10-31,-0.0123986,0.705592571,0.032874087,0.674356397,-2.26,-1.63,,,
1994-11-30,0.650353004,-0.168388631,0.678536009,-0.197886763,0.31,-0.73,,,
1994-12-31,-0.243684799,0.066608134,-0.199152037,0.059285468,0.19,-0.09,,,
1995-01-31,-0.116772012,-0.769396001,-0.129906584,-0.671649189,-3.44,2.51,,,
1995-02-28,-0.687833176,-0.034169277,-0.699708254,-0.041950956,-0.66,1.09,,,
1995-03-31,-0.33900331,1.096598055,-0.321272415,1.04892758,-0.21,-2.08,,,
1995-04-30,-0.265606726,-0.214262336,-0.292822634,-0.184252989,-0.49,1.7,,,
1995-05-31,-0.398989769,-0.51988523,-0.359494378,-0.396456259,-2.52,2.27,,,
1995-06-30,-0.846297122,2.094685078,-0.803444251,1.859439772,3.15,-2.54,,,
1995-07-31,-0.790574074,1.332300509,-0.758300412,1.254078522,2.06,-1.59,,,
1995-08-31,-0.243601332,-0.478544025,-0.275319327,-0.408990762,1.36,2.81,,,
1995-09-30,-0.242826864,0.97369004,-0.299719521,0.853125977,-2.2,-0.05,,,
1995-10-31,0.308649445,-1.205747644,0.364842851,-1.19365509,-3.8,-0.51,,,
1995-11-30,-0.700676602,-0.001846884,-0.63713734,0.002261889,-1.11,0.58,,,
1995-12-31,-0.448367708,0.068970682,-0.431298457,-0.003545047,0.72,0.18,,,
1996-01-31,0.00312531,0.239056562,-0.036974614,0.290535092,-2.73,0.4,,,
1996-02-29,-0.290827936,0.899778961,-0.284062591,0.743176276,1.78,-1.07,,,
1996-03-31,-0.3357954,0.431034276,-0.354748101,0.42993683,1.51,0.36,,,
1996-04-30,-0.40773701,2.250008473,-0.412825703,2.085935988,5.22,-4.05,,,
1996-05-31,-0.066640741,1.325427493,-0.153384869,1.230204507,3.18,-0.89,,,
1996-06-30,0.156380155,-0.832066141,0.126047435,-0.883168402,-3.99,2.38,,,
1996-07-31,0.580009159,-3.242035882,0.598646337,-3.038028263,-4.31,5.14,,,
1996-08-31,-0.65944984,0.783227291,-0.638978178,0.710282081,2.46,-0.74,,,
1996-09-30,-0.647374808,0.957123555,-0.628997672,0.872730768,-0.98,-2.7,,,
1996-10-31,-0.262544408,-2.21488439,-0.18707441,-2.166994632,-4.44,4.94,,,
1996-11-30,-0.7336659,-1.23279348,-0.677203118,-1.156252046,-4.05,1.39,,,
1996-12-31,-0.508157133,-0.469145154,-0.440159827,-0.405686666,3.17,1.32,,,
1997-01-31,-0.16832138,0.763287967,-0.233189266,0.660607422,-1.93,-1.46,,,
1997-02-28,0.141415993,-2.375134206,0.141952267,-2.228554762,-3.2,5.69,,,
1997-03-31,0.338414844,-1.457266265,0.354886856,-1.432724048,-0.35,3.4,,,
1997-04-30,-0.115016437,-1.350234903,-0.112380447,-1.249023303,-5.78,0.07,,,
1997-05-31,-1.265011216,2.372139454,-1.178625822,2.247539181,5.19,-4.12,,,
1997-06-30,-0.963197483,0.635893569,-0.918069652,0.594530459,1.24,1.59,,,
1997-07-31,-0.857607255,-0.189732913,-0.805558863,-0.214804373,-2.73,0.29,,,
1997-08-31,-0.018485082,0.224077494,-0.02931877,0.208819651,7.31,1.2,,,
1997-09-30,-0.981416427,0.692391601,-0.987355115,0.577215743,2.53,0.38,,,
1997-10-31,0.286855159,-1.5596097,0.282350859,-1.526949791,-0.77,2.25,,,
1997-11-30,-0.326080695,-1.243639424,-0.261029336,-1.195953097,-5.13,1.19,,,
1997-12-31,-0.824543081,-2.012215858,-0.704787646,-1.937817612,-2.47,3.86,,,
1998-01-31,0.195816963,0.696870648,0.15478666,0.588421775,-1.06,-1.59,,,
1998-02-28,-0.693369306,0.84260247,-0.665322315,0.851733852,0.34,-0.85,,,
1998-03-31,-0.478351697,0.349350704,-0.504277423,0.343466142,-1.11,1.41,,,
1998-04-30,-0.089595757,0.062719013,-0.068678068,0.064259628,0.02,0.9,,,
1998-05-31,0.315029618,-1.468557549,0.321003887,-1.372000216,-3.35,3.4,,,
1998-06-30,-0.449282119,1.632121553,-0.347634599,1.363203543,-3.23,-1.96,,,
1998-07-31,0.4573326,-1.009510899,0.446285842,-1.034095331,-4.91,-1.76,,,
1998-08-31,1.564368512,-2.09698041,1.582862786,-2.047288689,-5.68,3.6,,,
1998-09-30,-1.066066336,1.891702473,-0.944155101,1.678271186,0.1,-3.37,,,
1998-10-31,-0.845852876,1.246341249,-0.794280319,1.244881667,-3.12,-2.29,,,
1998-11-30,-0.729356316,1.232350838,-0.698185474,1.076834692,1.2,-3.23,,,
1998-12-31,-0.769506665,2.046744646,-0.709739549,1.782298305,-0.51,-4.18,,,
1999-01-31,0.714341897,1.108789988,0.468240625,1.147934803,0.78,-4.62,,,
1999-02-28,0.621103357,-1.075872942,0.575286528,-1.062754872,-6.06,1.88,,,
1999-03-31,-0.07214758,0.631058065,-0.030899685,0.608284597,-3.77,-2.77,,,
1999-04-30,-0.847243935,0.484000634,-0.844690897,0.49707018,3.95,2.41,,,
1999-05-31,-0.17132421,0.13077703,-0.19169159,0.222372612,3.37,2.3,,,
1999-06-30,-0.694908152,2.371236203,-0.60513829,2.079704564,3.14,-3.27,,,
1999-07-31,0.109699842,-0.080711363,0.061793126,-0.045805557,2.6,-0.42,,,
1999-08-31,0.028662862,-0.192290083,0.087120987,-0.220579879,-0.94,-1.84,,,
1999-09-30,0.191220198,1.463175857,0.213760103,1.435929696,3.44,-3.48,,,
1999-10-31,-0.238847922,0.178823152,-0.161867592,0.18406615,-6.61,-3.37,,,
1999-11-30,-0.309796163,3.395929949,-0.220990783,3.004912681,7.22,-6.16,,,
1999-12-31,-0.242135154,4.730505812,-0.233925576,4.299406973,6.99,-8.32,,,
2000-01-31,1.667250191,1.398614266,1.320158877,1.130212189,5.79,-1.89,,,
2000-02-29,1.146955603,5.086464892,0.966931826,4.669099981,21.48,-9.81,,,
2000-03-31,-0.22679038,0.426382548,-0.29314019,0.576196233,-17.29,8.23,,,
2000-04-30,-0.979630687,-2.939388414,-0.871860736,-2.820582826,-6.63,7.25,,,
2000-05-31,-0.515178819,-2.078391204,-0.419455338,-1.994201809,-6.11,4.83,,,
2000-06-30,-0.686167458,5.308828138,-0.577265404,4.630081588,12.8,-8.41,,,
2000-07-31,-0.253106505,-2.512379925,-0.266389557,-2.16474876,-3.08,8.33,,,
2000-08-31,-0.721490864,1.10115468,-0.658504069,0.896838655,-0.63,-1.37,,,
2000-09-30,-0.148197462,-1.653376529,-0.103477497,-1.537700636,-1.73,7.17,,,
2000-10-31,-0.334359645,-2.550266071,-0.268931315,-2.431290364,-3.93,5.64,,,
2000-11-30,0.154743991,-5.53942005,0.126657406,-5.123747257,-3.39,12.34,,,
2000-12-31,-1.423415728,-1.685768859,-1.300003082,-1.535992866,0.73,7.6,,,
2001-01-31,0.245547062,4.089679262,0.112617855,3.564203334,6.68,-5.11,,,
2001-02-28,0.148977955,-4.672133536,0.094150385,-4.255076495,-0.74,12.48,,,
2001-03-31,-0.054839747,-2.954244357,-0.068741996,-2.743145571,0.27,6.43,,,
2001-04-30,-0.710756566,2.090640072,-0.643797792,1.764090312,0.56,-4.69,,,
2001-05-31,-0.310078412,-0.658525743,-0.324460083,-0.566960479,2.5,3.36,,,
2001-06-30,-0.584841891,0.952876558,-0.465334493,0.813477284,6.27,-1.13,,,
2001-07-31,-0.214965735,-1.756280327,-0.180541334,-1.680545185,-4.19,5.21,,,
2001-08-31,-0.097896781,-1.427040743,-0.033253851,-1.380174958,2.48,2.3,,,
2001-09-30,0.511450811,-2.170590072,0.51057578,-2.158300254,-6.25,1.46,,,
2001-10-31,-0.533408061,2.866879268,-0.503909436,2.636402321,7.49,-7.66,,,
2001-11-30,-0.835697964,1.518760852,-0.710109073,1.39450651,-0.47,2.22,,,
2001-12-31,-0.8604976,1.545060819,-0.710316864,1.331896631,4.73,0.85,,,
2002-01-31,0.178466735,-1.173479694,0.150011936,-1.030154494,1.19,3.44,,,
2002-02-28,-0.15676669,-1.728520007,-0.090465829,-1.606525521,-1,2.16,,,
2002-03-31,-0.683483946,0.917734633,-0.693847074,0.951365658,4.21,1.07,,,
2002-04-30,-0.234052304,-2.190232477,-0.190941539,-2.016092537,5.96,3.88,,,
2002-05-31,-0.087658379,-1.363656979,-0.041425801,-1.325420643,-3.21,1.53,,,
2002-06-30,-0.235922111,-0.604568416,-0.162698512,-0.74832715,4.28,-0.03,,,
2002-07-31,0.44982642,-1.966833492,0.477484122,-1.928924593,-5.26,-3.87,,,
2002-08-31,-0.331689145,0.05689876,-0.229699284,-0.043768246,-2.87,3.31,,,
2002-09-30,0.302683866,-0.694681826,0.409756105,-0.810519665,2.43,1.44,,,
2002-10-31,-0.656975206,1.277286288,-0.511293814,1.046026248,-3.41,-3.95,,,
2002-11-30,-0.698419825,1.416407957,-0.587833723,1.386128786,3.23,-1.27,,,
2002-12-31,-0.013726461,-1.591096464,0.105240909,-1.548328184,0.11,2.13,,,
2003-01-31,0.244838412,-1.1049535,0.175701946,-0.892698495,1.3,-0.73,,,
2003-02-28,0.077638078,-0.629981516,0.157907725,-0.68073749,-0.46,-1.38,,,
2003-03-31,-0.068420668,0.269142346,-0.071209962,0.227838754,1.04,-1.93,,,
2003-04-30,-0.791563075,1.313460775,-0.800570987,1.283351445,0.67,1.17,,,
2003-05-31,-0.78146855,2.034801266,-0.759521008,2.028463801,4.71,0.53,,,
2003-06-30,-0.310311754,1.260387396,-0.33814069,1.150976501,1.74,0.19,,,
2003-07-31,-0.457584827,0.22641882,-0.394222594,0.094599869,5.11,-1.19,,,
2003-08-31,-0.370184897,0.885243798,-0.334138564,0.860807422,2.62,1.54,,,
2003-09-30,0.021562199,-0.239350639,-0.008197707,-0.23339574,0.8,0.1,,,
2003-10-31,-0.693598017,0.727324357,-0.701626315,0.778826572,2.63,1.92,,,
2003-11-30,-0.358437297,-0.106466165,-0.327583828,-0.013689534,2,1.81,,,
2003-12-31,-0.386603924,-0.227379284,-0.369102878,-0.199429404,-2.71,1.6,,,
2004-01-31,-0.057464241,1.306656598,-0.114356862,1.183044214,2.54,2.46,,,
2004-02-29,-0.22353136,-0.335606018,-0.217054304,-0.225262878,-1.52,0.87,,,
2004-03-31,-0.042446163,-0.061768604,-0.070147069,0.014712132,1.75,0.23,,,
2004-04-30,0.272115266,-0.169872597,0.275154352,-0.145659566,-1.74,-3.02,,,
2004-05-31,-0.193923989,-0.127377952,-0.112307511,-0.174014786,-0.25,-0.23,,,
2004-06-30,-0.443778306,0.497710927,-0.416311787,0.575705959,2.28,1.23,,,
2004-07-31,0.323442992,-2.524872285,0.379281399,-2.355951329,-3.8,3.22,,,
2004-08-31,-0.023464505,-1.326407765,-0.002616972,-1.313396307,-1.49,1,,,
2004-09-30,-0.453123503,1.112963385,-0.412225997,1.084202574,3.02,-0.02,,,
2004-10-31,-0.270983349,0.050340572,-0.238783197,-0.01948531,0.15,-0.25,,,
2004-11-30,-0.735851541,0.704628951,-0.715145619,0.697126754,3.73,1.45,,,
2004-12-31,-0.492205005,1.158510606,-0.453884523,1.072527405,-0.03,-0.21,,,
2005-01-31,0.300611257,-0.756785526,0.321801977,-0.701314479,-1.72,2.07,,,
2005-02-28,-0.147057161,0.167209277,-0.128956405,0.128594613,-0.57,1.54,,,
2005-03-31,0.221427519,-0.526131403,0.21546415,-0.430982757,-1.4,2.05,,,
2005-04-30,0.444108723,-1.434522849,0.432583866,-1.329365019,-3.93,0.05,,,
2005-05-31,-0.436695654,0.856918291,-0.402993617,0.745778046,2.88,-0.59,,,
2005-06-30,-0.418427283,0.683907422,-0.393621867,0.430181459,2.59,2.81,,,
2005-07-31,-0.591909409,0.649331245,-0.561801983,0.72156358,2.9,-0.78,,,
2005-08-31,0.147286468,-0.148065087,0.151415834,-0.083117081,-0.98,1.34,,,
2005-09-30,-0.103767908,0.721186537,-0.096695628,0.639721965,-0.67,0.69,,,
2005-10-31,0.309320939,-1.178343835,0.301565077,-1.108674197,-1.23,0.41,,,
2005-11-30,-0.395388514,0.412306133,-0.354875676,0.289848563,0.99,-1.2,,,
2005-12-31,-0.105048997,0.237776564,-0.073452599,0.246397417,-0.41,0.22,,,
2006-01-31,-0.693201784,1.823800775,-0.642268099,1.660103683,5.42,1.09,,,
2006-02-28,0.002339715,-0.217866826,-0.011972873,-0.167951462,-0.4,-0.37,,,
2006-03-31,-0.481722793,0.71179888,-0.446786083,0.676111014,3.45,0.55,,,
2006-04-30,-0.052717626,-0.031078944,-0.038720091,-0.013731128,-1.43,2.34,,,
2006-05-31,0.397474345,-1.782847253,0.389691507,-1.642865634,-2.98,2.39,,,
2006-06-30,-0.006443867,-0.075002248,0.016703391,-0.160888992,-0.38,0.8,,,
2006-07-31,0.226027099,-1.430837142,0.220231635,-1.266274112,-3.99,2.62,,,
2006-08-31,-0.278921736,0.096037702,-0.25403994,0.080787237,1.01,-2.04,,,
2006-09-30,-0.096611096,-0.24673916,-0.086812832,-0.103768419,-1.34,0.06,,,
2006-10-31,-0.520445428,0.717131168,-0.471801728,0.654289614,1.72,-0.26,,,
2006-11-30,-0.208456979,0.382729561,-0.198807219,0.391081625,0.72,0.11,,,
2006-12-31,-0.13942772,-0.498884141,-0.120840696,-0.377705903,-1.13,2.71,,,
2007-01-31,-0.236207197,0.69944715,-0.211169081,0.631486073,0.14,-0.7,,,
2007-02-28,0.072913919,-0.040836198,0.046450759,0.000991859,1.18,-0.12,,,
2007-03-31,-0.093858377,0.634318271,-0.074419886,0.569732746,0.15,-0.94,,,
2007-04-30,-0.233612301,0.78429493,-0.229751331,0.701067106,-2.17,-1.43,,,
2007-05-31,-0.207370246,0.246973008,-0.194946379,0.257255829,0.23,-0.62,,,
2007-06-30,0.0517506,0.947295467,0.076815559,0.799092824,0.76,-1.07,,,
2007-07-31,0.512487185,0.673983932,0.480865294,0.564992587,-2.61,-3.73,,,
2007-08-31,-0.00627337,-0.346740846,0.00833501,-0.232184833,-0.14,-1.89,,,
2007-09-30,-0.234510158,1.410257018,-0.207330943,1.300562105,-2.22,-2.23,,,
2007-10-31,-0.168674956,1.115597763,-0.154109839,0.994406867,0.12,-3.11,,,
2007-11-30,0.602780645,-0.892583646,0.642692907,-0.870798554,-2.93,-0.94,,,
2007-12-31,-0.010517697,0.942580083,0.075007676,0.78230033,0.16,-0.52,,,
2008-01-31,0.488650109,-2.06425699,0.48715403,-1.848795508,-0.98,4.01,,,
2008-02-29,0.254652705,0.533138105,0.247196325,0.41746414,-0.41,-0.84,,,
2008-03-31,0.143241147,-0.39080142,0.160060756,-0.259683135,0.77,0.35,,,
2008-04-30,-0.229431042,0.553853119,-0.20587821,0.498635336,-1.72,-1.09,,,
2008-05-31,-0.309828207,1.046175694,-0.298615003,0.932478018,2.95,-1.53,,,
2008-06-30,0.686795496,2.085733813,0.674445523,1.599127666,1.24,-2.7,,,
2008-07-31,-0.059234324,-0.357948532,-0.052475294,-0.278436045,2.56,5.27,,,
2008-08-31,-0.195778319,-0.524835659,-0.198420732,-0.450416771,3.5,1.48,,,
2008-09-30,0.724549311,-0.703182444,0.794748538,-0.561519815,-1.24,5.9,,,
2008-10-31,1.49982887,-1.006986656,1.43074552,-0.932471096,-2.52,-2.22,,,
2008-11-30,0.848069383,0.2249624,0.93499465,0.115390091,-2.87,-6.3,,,
2008-12-31,-0.518493178,1.480628785,-0.384351747,0.986044534,3.49,0.07,,,
2009-01-31,0.556739546,0.92057911,0.5644395,0.897689511,0.18,-11.11,,,
2009-02-28,0.997544805,0.735765131,1.013944759,0.654907578,0.13,-6.91,,,
2009-03-31,-0.846866149,0.591121584,-0.808867292,0.637059093,0,3.34,,,
2009-04-30,-1.353844981,-0.151741168,-1.257509262,0.153728873,5.28,5.26,,,
2009-05-31,-0.606670358,0.121207993,-0.541116109,0.270001961,-2.52,0.37,,,
2009-06-30,-0.20054719,1.396967578,-0.205426403,1.273381306,2.66,-2.72,,,
2009-07-31,-0.680723498,0.126586808,-0.634307879,0.102044641,1.87,4.84,,,
2009-08-31,-0.133835219,-0.988566082,-0.183999519,-0.680719496,-1.08,7.63,,,
2009-09-30,-0.528289542,0.571817591,-0.514045955,0.686817245,2.43,1.04,,,
2009-10-31,0.38606137,0.336688643,0.365185009,0.197804133,-4.34,-4.2,,,
2009-11-30,-0.213209315,0.679978446,-0.15933808,0.528853862,-2.39,-0.33,,,
2009-12-31,-0.499662937,1.096529844,-0.494964571,0.956708768,6.04,-0.17,,,
2010-01-31,0.23165998,-1.147363759,0.20584101,-0.998327772,0.4,0.43,,,
2010-02-28,-0.280783152,0.252938946,-0.264341268,0.239831185,1.19,3.22,,,
2010-03-31,-0.56871934,-0.037860764,-0.613596604,0.101364786,1.48,2.21,,,
2010-04-30,-0.369545258,-0.549692773,-0.371199552,-0.2772062,4.87,2.89,,,
2010-05-31,0.624108544,0.003852158,0.621162047,-0.052011499,0.09,-2.44,,,
2010-06-30,0.498401959,0.828189982,0.528068186,0.530909234,-1.81,-4.7,,,
2010-07-31,-0.480444268,0.279723138,-0.447582961,0.263832144,0.24,-0.3,,,
2010-08-31,0.51366335,-0.050341766,0.507090861,-0.076720321,-2.95,-1.96,,,
2010-09-30,-0.930663634,1.488005165,-0.912562951,1.305452989,3.96,-3.17,,,
2010-10-31,-0.325596998,0.529134454,-0.312179163,0.423339228,1.21,-2.49,,,
2010-11-30,-0.130406883,0.083132743,-0.096799557,0.124847272,3.77,-0.88,,,
2010-12-31,-0.664254838,-0.149878486,-0.632948176,-0.128285595,0.67,3.78,,,
2011-01-31,-0.041025567,-0.181710279,-0.057466021,-0.082233571,-2.44,0.77,,,
2011-02-28,-0.29130766,0.470887728,-0.27626357,0.395506068,1.47,1.24,,,
2011-03-31,-0.109728305,0.553347974,-0.101904969,0.402661507,2.56,-1.88,,,
2011-04-30,-0.124532358,0.440506258,-0.107388944,0.406226285,-0.32,-2.48,,,
2011-05-31,0.218223138,0.067779125,0.217192916,0.06631529,-0.65,-2,,,
2011-06-30,0.195901521,0.150621363,0.200801272,0.154174754,-0.14,-0.38,,,
2011-07-31,0.235489597,-0.259929078,0.233907548,-0.219585085,-1.29,-0.91,,,
2011-08-31,0.697353098,-0.316226837,0.652755662,-0.348060718,-3.07,-2.4,,,
2011-09-30,0.897076696,-0.506680237,0.886548251,-0.491057974,-3.33,-1.75,,,
2011-10-31,-0.93947244,1.223347584,-0.912826279,0.985114758,3.3,0.12,,,
2011-11-30,0.18602265,-0.4297721,0.188680861,-0.378062362,-0.17,-0.46,,,
2011-12-31,0.027437857,-0.644542085,0.036502697,-0.513174536,-0.6,1.61,,,
2012-01-31,-0.655578045,0.719844424,-0.60915741,0.707768797,2.06,-0.94,,,
2012-02-29,-0.233210348,0.125639115,-0.226607805,0.155385175,-1.86,0.43,,,
2012-03-31,-0.260187261,-0.117574985,-0.24174524,-0.053847036,-0.66,1.12,,,
2012-04-30,0.149199617,-0.371380008,0.135199798,-0.313004566,-0.41,-0.77,,,
2012-05-31,0.6172654,-1.108448162,0.609070467,-1.009290239,0.09,-1.06,,,
2012-06-30,-0.298822525,0.377246525,-0.279223424,0.368769989,0.64,0.59,,,
2012-07-31,0.063385265,0.050831135,0.060768516,0.034548331,-2.72,-0.12,,,
2012-08-31,-0.179928463,0.026748026,-0.16340375,0.079222763,0.48,1.3,,,
2012-09-30,-0.284809776,0.19501239,-0.268560425,0.147071979,0.54,1.58,,,
2012-10-31,0.175820872,-0.747915714,0.167570522,-0.51791756,-1.17,3.56,,,
2012-11-30,0.050926852,0.349870154,0.058094607,0.371994034,0.61,-0.83,,,
2012-12-31,-0.163763152,-0.249295511,-0.140055915,-0.234667997,1.52,3.53,,,
2013-01-31,-0.567970501,0.059579182,-0.535989311,0.154184003,0.31,0.95,,,
2013-02-28,-0.065694605,-0.311520135,-0.055413767,-0.186862995,-0.33,0.1,,,
2013-03-31,-0.370067692,0.085299191,-0.358821469,0.121345465,0.83,-0.23,,,
2013-04-30,0.058297983,0.029247165,0.053769988,0.005297607,-2.36,0.5,,,
2013-05-31,-0.218797009,0.053796145,-0.198599282,0.074328042,1.72,2.67,,,
2013-06-30,0.035401626,-0.025218353,0.030452559,-0.071674684,1.32,0.05,,,
2013-07-31,-0.465444661,0.132119205,-0.454891093,0.157649039,1.87,0.57,,,
2013-08-31,0.238113687,0.178988479,0.235880201,0.064615979,0.26,-2.68,,,
2013-09-30,-0.419070978,0.765100931,-0.39525493,0.706872928,2.9,-1.23,,,
2013-10-31,-0.198977421,-0.112055131,-0.188601831,-0.007167173,-1.56,1.26,,,
2013-11-30,-0.206702198,-0.10193343,-0.183492961,-0.000176276,1.29,0.28,,,
2013-12-31,-0.168360953,0.30408864,-0.164824278,0.27718083,-0.46,-0.01,,,
2014-01-31,0.090304462,0.144278558,0.085873731,0.074051754,0.92,-2.02,,,
2014-02-28,-0.299471573,0.557825562,-0.281688061,0.462932233,0.37,-0.31,,,
2014-03-31,-0.040833644,-0.508968223,-0.041287773,-0.465986302,-1.87,4.92,,,
2014-04-30,0.220540252,-0.436954567,0.214863022,-0.334807108,-4.2,1.14,,,
2014-05-31,-0.028645555,-0.047657804,-0.021467767,-0.012459551,-1.89,-0.13,,,
2014-06-30,-0.364497025,0.686844863,-0.346242412,0.510095372,3.09,-0.69,,,
2014-07-31,0.408431054,-0.806848376,0.392249228,-0.697622612,-4.28,0.02,,,
2014-08-31,-0.273765554,0.234800816,-0.259242107,0.249993909,0.38,-0.43,,,
2014-09-30,0.416851256,-0.451354566,0.412400058,-0.423964894,-3.72,-1.35,,,
2014-10-31,-0.189992013,-0.256963626,-0.172427682,-0.095785245,4.22,-1.83,,,
2014-11-30,0.024672643,-0.237228699,0.02308243,-0.139073387,-2.05,-3.09,,,
2014-12-31,-0.054481208,-0.424338522,-0.043937859,-0.32911477,2.49,2.27,,,
2015-01-31,0.257343345,0.004337569,0.249210234,-0.079437431,-0.54,-3.61,,,
2015-02-28,-0.41196675,0.693257867,-0.383569054,0.58785419,0.6,-1.86,,,
2015-03-31,-0.035451509,-0.382309804,-0.0363778,-0.408113046,3.07,-0.41,,,
2015-04-30,0.060776391,-0.357453836,0.058837711,-0.254601968,-3.04,1.83,,,
2015-05-31,6.75E-05,-0.15128345,-0.000423359,-0.125447376,0.92,-1.12,,,
2015-06-30,0.067499978,-0.192008348,0.066288416,-0.255974482,2.9,-0.78,,,
2015-07-31,0.192229733,-0.491167628,0.189913743,-0.540197337,-4.2,-4.07,,,
2015-08-31,0.457701019,-0.928841604,0.438171847,-0.832702254,0.36,2.8,,,
2015-09-30,0.446069318,-1.200832617,0.410811895,-1.077750856,-2.63,0.58,,,
2015-10-31,-0.393332671,0.513242914,-0.369856167,0.54041088,-1.87,-0.45,,,
2015-11-30,-0.078696165,-0.349541172,-0.068672206,-0.309846202,3.6,-0.38,,,
2015-12-31,0.380658174,-0.161663291,0.380522823,-0.255668332,-2.81,-2.59,,,
2016-01-31,0.663817819,-0.828319451,0.622441726,-0.70474897,-3.39,2.07,,,
2016-02-29,-0.011753326,0.326379027,0.002129434,0.309080257,0.81,-0.57,,,
2016-03-31,-0.584476224,0.571661566,-0.555865275,0.519302705,0.75,1.1,,,
2016-04-30,-0.202099324,-0.175346655,-0.18588683,-0.150850476,0.67,3.21,,,
2016-05-31,-0.009391973,-0.09312847,-0.006985079,-0.135202742,-0.19,-1.65,,,
2016-06-30,-0.014038326,0.638391785,-0.007363352,0.574813941,0.59,-1.45,,,
2016-07-31,-0.359069251,0.242714908,-0.333310826,0.205815074,2.51,-1.29,,,
2016-08-31,-0.051382433,-0.626415332,-0.047732089,-0.520022981,1.17,3.11,,,
2016-09-30,-0.10442427,0.191322328,-0.086530855,0.113820529,2.13,-1.21,,,
2016-10-31,0.326943501,-1.010681667,0.300200017,-0.84711433,-4.41,4.12,,,
2016-11-30,-0.517379079,-0.745870509,-0.47968407,-0.450656996,5.67,8.21,,,
2016-12-31,-0.208672045,-0.822793095,-0.197804847,-0.603373916,0.09,3.6,,,
2017-01-31,-0.134252433,0.306706833,-0.118067503,0.216276248,-1.13,-2.74,,,
2017-02-28,-0.098538496,0.055890405,-0.086438326,0.081308189,-2.04,-1.67,,,
2017-03-31,-0.049651477,0.446442192,-0.040354738,0.413906413,1.13,-3.33,,,
2017-04-30,-0.01688372,0.143073728,-0.012543621,0.165450822,0.72,-2.13,,,
2017-05-31,0.167787592,0.384972178,0.170911804,0.325658912,-2.52,-3.75,,,
2017-06-30,-0.223675031,-0.091207758,-0.204923592,-0.066434135,2.23,1.49,,,
2017-07-31,-0.02281858,0.169668137,-0.02562701,0.103347177,-1.46,-0.22,,,
2017-08-31,0.124831443,0.447686934,0.135300063,0.437360034,-1.65,-2.07,,,
2017-09-30,-0.415484068,-0.219491361,-0.386907076,-0.187062103,4.45,3.09,,,
2017-10-31,0.011432341,0.062885378,0.010718423,0.077467107,-1.93,0.22,,,
2017-11-30,-0.130998423,0.205980894,-0.117816838,0.16484379,-0.56,-0.05,,,
2017-12-31,-0.045881593,0.27567319,-0.041852773,0.170699933,-1.32,0.03,,,
2018-01-31,-0.146303211,0.430414125,-0.135692837,0.33370133,-3.18,-1.36,,,
2018-02-28,0.34076021,-0.192878236,0.318818585,-0.209357152,0.26,-1.03,,,
2018-03-31,-0.074851387,-0.128231671,-0.070471733,-0.152471188,4.06,-0.23,,,
2018-04-30,-0.047075234,0.028828936,-0.036860089,0.004673082,1.1,0.48,,,
2018-05-31,-0.245164813,0.445599007,-0.228477537,0.346213465,5.31,-3.13,,,
2018-06-30,-0.067688307,0.523649354,-0.061953363,0.49807355,1.13,-2.33,,,
2018-07-31,-0.044625992,-0.049037264,-0.039637674,-0.004650882,-2.25,0.45,,,
2018-08-31,-0.124312634,0.613113545,-0.107723538,0.497628259,1.14,-3.98,,,
2018-09-30,0.108991905,0.428091736,0.10955492,0.431377769,-2.3,-1.7,,,
2018-10-31,0.644714377,-1.075959571,0.624975416,-0.930928775,-4.82,3.43,,,
2018-11-30,0.008960197,-0.160556196,0.00226602,-0.150620586,-0.68,0.26,,,
2018-12-31,0.871949383,-0.055442742,0.820708744,0.029318949,-2.42,-1.9,,,
2019-01-31,-0.824483658,0.696942633,-0.766454952,0.469560347,2.9,-0.44,,,
2019-02-28,-0.269891341,0.385170868,-0.256468824,0.209329444,2.04,-2.68,,,
2019-03-31,0.057114515,0.951459185,0.059154717,0.709548784,-2.98,-4.05,,,
2019-04-30,-0.148844949,-0.308654396,-0.133292392,-0.202700976,-1.74,2.17,,,
2019-05-31,0.475591509,-0.598538526,0.447010623,-0.473178649,-1.34,-2.37,,,
2019-06-30,-0.396912587,,-0.37049614,,0.25,-0.71,,,
2019-07-31,-0.008755571,,-0.00136679,,-1.94,0.42,,,
2019-08-31,0.318187409,,0.29971483,,-2.32,-4.95,,,
2019-09-30,-0.180956435,,-0.162099729,,-0.97,6.83,,,
2019-10-31,-0.026511308,,-0.022171566,,0.28,-1.93,,,
2019-11-30,-0.152724385,,-0.13028915,,0.8,-2.02,,,
2019-12-31,-0.208071822,,-0.191532222,,0.72,1.79,,,
2020-01-31,0.160472809,,0.155246977,,-3.13,-6.24,,,
2020-02-29,0.603313314,,0.561212299,,1.03,-3.79,,,
2020-03-31,1.331202296,,1.274330871,,-4.89,-14.02,,,
2020-04-30,-0.91850831,,-0.830853052,,2.47,-1.18,,,
2020-05-31,-0.264464589,,-0.237236968,,2.45,-4.8,,,
2020-06-30,-0.299771969,,-0.283451919,,2.69,-2.04,,,
2020-07-31,-0.087690841,,-0.088165677,,-2.28,-1.53,,,
2020-08-31,-0.216023041,,-0.188639232,,-0.26,-2.92,,,
2020-09-30,0.224977775,,0.214964527,,0.03,-2.61,,,
2020-10-31,0.011603364,,0.017004192,,4.41,4.16,,,
2020-11-30,-0.94360605,,-0.863114185,,5.65,2.13,,,
2020-12-31,-0.447989718,,-0.418686236,,4.82,-1.43,,,
2021-01-31,-0.223400347,,-0.209411718,,7.12,2.99,,,
2021-02-28,-0.51963586,,-0.472485819,,2.03,7.18,,,
2021-03-31,-0.275815753,,-0.259042134,,-2.41,7.41,,,
2021-04-30,-0.129668336,,-0.119631915,,-3.11,-0.93,,,
2021-05-31,-0.057061326,,-0.050051561,,-0.28,7.04,,,
2021-06-30,-0.054511291,,-0.04851358,,1.8,-7.76,,,
2021-07-31,0.207116609,,0.185800466,,-3.96,-1.75,,,
2021-08-31,-0.027298496,,-0.024664093,,-0.48,-0.13,,,
2021-09-30,0.23468566,,0.216190864,,0.8,5.09,,,
2021-10-31,-0.15818816,,-0.143153925,,-2.28,-0.44,,,
2021-11-30,0.319461017,,0.283978376,,-1.35,-0.52,,,
2021-12-31,-0.104599263,,-0.100313133,,,,,,
